agent,scenario,corr_lb,corr_med,corr_ub
human,collision,0.3880460288847576,0.6282200551086318,0.776056645416134
human,rollingsliding,0.5062533539926563,0.7138360677119417,0.8512425327959547
human,dominoes,0.23110208820858508,0.42594342889192494,0.5918142102664401
human,drop,0.26633398561139743,0.5015438141952103,0.6811389625610248
human,clothiness,0.06542594068553315,0.3492872195943957,0.5493262869396591
human,linking,0.11463559658483248,0.3868066895701896,0.5698918947503527
human,containment,0.30612194249161795,0.559037767567365,0.7250130911183134
human,towers,0.2997307715330219,0.5655810387074119,0.7257224352620535
