agent,scenario,corr_lb,corr_med,corr_ub
human,collision,0.3819693349263241,0.6218260399783901,0.7733534313222267
human,rollingsliding,0.4901516472023706,0.70703125,0.8509498554440122
human,dominoes,0.2210832584603604,0.4173133601716915,0.5866666666666667
human,drop,0.26043695901553865,0.494367067785554,0.6788753387770927
human,clothiness,0.062415607244051055,0.34057060828996955,0.5429546484115226
human,linking,0.10942675310654407,0.36634909221643,0.5599845984598459
human,containment,0.28480604220942174,0.5466666666666666,0.7199865470852017
human,towers,0.28511679901318326,0.5499181669394435,0.7206728618953325
